SchoolItem,relation,NewNode
精神,subclass of,abstract being
精神,subclass of,supernatural being
研究生,subclass of,教育
精神,subclass of,神话人物
本科,described by source,Ottův slovník naučný
段,instance of,汉姓
身份证,subclass of,identity document
地点,instance of,物理性质
湖北省,instance of,中国省份
结构,subclass of,实体
精神,topic's main category,Category:Spirits
本科,said to be the same as,Norwegian PhD
段,instance of,姓氏
身份证,subclass of,personal data
地点,subclass of,地理实体
湖北省,country,中华人民共和国
结构,has quality,spatial arrangement
精神,described by source,亚美尼亚苏维埃百科全书
武汉市,instance of,副省级市
政策,instance of,维基媒体消歧义页
世界,instance of,概念
成果,instance of,人类
照片,subclass of,视觉艺术
家,instance of,单曲
全文,instance of,人类
时间,instance of,实体
本科,said to be the same as,Danish PhD
段,writing system,汉字
身份证,use,identification
地点,part of,空间
结构,topic's main category,Category:结构
武汉市,instance of,大城市
政策,subclass of,原理
世界,subclass of,客体
成果,sex or gender,女
照片,fabrication method,摄影
家,part of,光灵
全文,sex or gender,女
时间,subclass of,序列
本科,said to be the same as,magister degree
段,topic's main category,Category:段姓
身份证,topic's main template,Template:Infobox Identity document
地点,part of,地球表面
湖北省,located in the administrative territorial entity,中华人民共和国
结构,described by source,亚美尼亚苏维埃百科全书
cn,instance of,king in Greek mythology
邮编,subclass of,administrative territorial entity identifier
大学,instance of,文学作品
软件,instance of,经济部门
语言,instance of,拟言类别
等级,instance of,元类
知识,instance of,哲学概念
武汉市,instance of,百万人口城市
政策,subclass of,创意作品
世界,topic's main Wikimedia portal,频道:国际
照片,topic's main template,Template:Infobox photography
家,genre,嘻哈音乐
全文,country of citizenship,唐朝
时间,part of,时空
段,described by source,百家姓
身份证,topic's main category,Category:身份证明
地点,uses,坐标系
湖北省,highest point,Shennong Peak
cn,instance of,可能虚构人物
邮编,subclass of,nominal number
大学,part of,礼记
语言,instance of,语言类别
知识,instance of,心智状态
政策,topic's main category,Category:政策
世界,topic's main category,Category:世界
照片,topic's main category,Category:摄影作品
家,performer,机关枪凯利
全文,family name,郑
时间,studied by,时间和空间的哲学
段,different from,端村
地点,different from,地理位置
湖北省,head of government,李鸿忠
US,instance of,星群
否,instance of,助词
人文,instance of,维基媒体消歧义页
必修课,subclass of,课程
公式,subclass of,数学符号
sys,instance of,基因
GRE,instance of,考试
cn,sex or gender,男
大学,genre,哲学
软件,subclass of,创意作品
语言,subclass of,拟言体
等级,part of,本体
知识,subclass of,记忆
武汉市,country,中华人民共和国
政策,different from,政治
世界,said to be the same as,地球
家,record label,大西洋唱片
全文,father,郑绅
时间,studied by,广义相对论
段,different from,Duan
地点,different from,地理地区
湖北省,language used,标准汉语
US,instance of,OB星协
能力,part of,教育学
否,opposite of,是
必修课,opposite of,elective course
公式,subclass of,表示式
sys,subclass of,蛋白质编码基因
GRE,country,美国
cn,father,波塞冬
邮编,topic's main category,Category:Postal codes
大学,has edition,A Grande Doutrina
软件,subclass of,产品
语言,subclass of,language
等级,part of,本体语言
知识,subclass of,conviction
全文,spouse,卢嘏
时间,topic's main template,Template:时间
段,said to be the same as,Doan
地点,on focus list of Wikimedia project,Wikipedia:基础条目
湖北省,language used,官话
李兵,instance of,人类
的,instance of,German preposition
学校,subclass of,教育机构
成员,subclass of,法律主体
环境,instance of,维基媒体消歧义页
数据,instance of,抽象客体
水平,instance of,维基媒体消歧义页
英语,instance of,自然语言
US,part of,天蝎-半人马星协
能力,part of,心理学
否,said to be the same as,no
公式,topic's main category,Category:数学公式
sys,found in taxon,小家鼠
cn,father,Butes
大学,has edition,The Great Learning (Legge)
软件,subclass of,书面作品
语言,subclass of,传播媒体
等级,part of,分类法
知识,studied by,知识论
时间,topic's main category,Category:时间
湖北省,language used,湘语
李兵,sex or gender,女
的,instance of,贵族姓氏助词
学校,topic's main template,Template:Infobox school
成员,part of,membership organization
数据,subclass of,资讯
水平,different from,horizontal plane
英语,instance of,现代语言
US,constellation,天蝎座
公式,described by source,Ottův slovník naučný
sys,encodes,Fibronectin type III domain containing 3A
cn,mother,阿佛洛狄忒
大学,author,孔子
软件,part of,电子计算机
语言,part of,通信
等级,has cause,分类
知识,has cause,学习
武汉市,located in the administrative territorial entity,中华人民共和国
时间,described by source,Ottův slovník naučný
湖北省,language used,赣语
学科,instance of,一级元类
平台,instance of,维基媒体消歧义页
材料,subclass of,产品
线,instance of,维基媒体消歧义页
距离,subclass of,标量
模式,subclass of,规律性
管理科学,instance of,活动
李兵,country of citizenship,中华人民共和国
的,instance of,family name affix
学校,topic's main template,模板:学校
成员,has quality,membership
数据,part of,data base
水平,different from,horizontal direction
US,epoch,J2000.0
公式,different from,Formula
sys,chromosome,mouse chromosome 14
大学,author,曾参
软件,location,硬件
语言,part of,拟言体
知识,opposite of,无知
武汉市,located in or next to body of water,长江
时间,described by source,布罗克豪斯-艾佛隆百科词典
湖北省,language used,Western Xiangxi language
学科,subclass of,专业领域
平台,subclass of,建筑物
材料,subclass of,ordinary matter
距离,subclass of,observable entity
模式,has cause,arrangement
管理科学,instance of,维基媒体重复页面
李兵,family name,李
的,part of,贵族等级
学校,topic's main category,Category:学校
成员,different from,member
数据,field of work,资料庋用
英语,subclass of,Anglic languages
sys,strand orientation,reverse strand
大学,language of work or name,文言文
软件,distribution format,硬件
语言,part of,language group
等级,different from,纲
知识,used by,知识管理
武汉市,head of government,周先旺
时间,different from,持续时间
湖北省,language used,北部土家语
条件,instance of,维基媒体消歧义页
院长,instance of,职位
兴趣,subclass of,人类活动
武,instance of,男性人名
数,subclass of,量
文件,sex or gender,男
学科,has list,学科列表
平台,described by source,Ottův slovník naučný
材料,studied by,材料科学
距离,subclass of,度量
模式,topic's main category,Category:模式
李兵,place of birth,哈尔滨市
的,part of,姓氏
学校,described by source,Ottův slovník naučný
成员,different from,Lid
数据,topic's main category,Category:资料
英语,part of,Anglic languages
sys,ortholog,FNDC3A
大学,copyright status,公有领域
软件,has list,list of softwares
语言,studied by,语言学
等级,said to be the same as,维基数据类
知识,topic's main category,Category:知识
武汉市,contains administrative territorial entity,江岸区
时间,on focus list of Wikimedia project,Wikipedia:基础条目
湖北省,language used,Eastern Xiangxi language
教育部,instance of,美国联邦行政部门
兴趣,has list,list of hobbies
武,language of work or name,日语
数,subclass of,量值
学科,topic's main category,Category:学科
材料,has quality,强度
距离,part of,几何学
模式,different from,pattern
管理科学,subclass of,控制
李兵,occupation,手球运动员
的,language of work or name,德语
学校,has part,小孩子学生
英语,part of,盎格鲁-弗里西语组
sys,ortholog,Fndc3a
软件,opposite of,硬件
语言,has list,语言列表
知识,described by source,天主教百科全书
武汉市,contains administrative territorial entity,江汉区
学院,subclass of,学术机构
类,subclass of,数学对象
理论,subclass of,概念
通知,instance of,学术论文
比重,subclass of,测量仪器
工作日,instance of,日报
教育部,founded by,吉米·卡特
兴趣,topic's main category,Category:嗜好
武,writing system,拉丁文字
数,subclass of,数学对象
学科,said to be the same as,科学分支
材料,has quality,抗压强度
距离,has quality,长度单位
管理科学,subclass of,调控
李兵,sport,手球
的,writing system,拉丁文字
学校,has part,教师
英语,named after,英格兰
sys,ortholog,mtgo
软件,topic's main Wikimedia portal,Portal:软件
语言,topic's main Wikimedia portal,Portal:语言
知识,described by source,Ottův slovník naučný
武汉市,contains administrative territorial entity,硚口区
外语,opposite of,母语
学院,subclass of,学会
理论,opposite of,实践
通知,language of work or name,汉语
比重,subclass of,实验室设备
工作日,country of origin,南非
教育部,office held by head of the organization,美国教育部长
武,family name identical to this given name,长
数,part of,数系
学科,said to be the same as,field of study
材料,has quality,密度
距离,has quality,直线
管理科学,subclass of,coordination
李兵,participant of,2008年夏季奥林匹克运动会
的,different from,Von
学校,has part,学校科目
英语,country,美属萨摩亚
软件,topic's main template,Template:Infobox software
语言,topic's main template,Template:Infobox language
知识,partially coincident with,理解
武汉市,contains administrative territorial entity,汉阳区
湖北省,contains administrative territorial entity,黄石市
学院,subclass of,高等教育机构
类,studied by,集合论
理论,topic's main category,Category:理论
通知,published in,自然辩证法研究
比重,subclass of,实验室玻璃器皿
教育部,chairperson,约翰·金恩
数,topic's main category,Category:数
学科,said to be the same as,专业领域
材料,has quality,硬度
距离,measured by,米
管理科学,part of,企业经济学
李兵,participant of,2004年夏季奥林匹克运动会
的,said to be the same as,degli
学校,has part,学校图书馆
英语,country,安圭拉
软件,topic's main category,Category:软件
语言,topic's main template,Template:Distribution of languages in the world
知识,partially coincident with,经验
武汉市,contains administrative territorial entity,武昌区
湖北省,contains administrative territorial entity,十堰市
类,described by source,亚美尼亚苏维埃百科全书
理论,described by source,亚美尼亚苏维埃百科全书
比重,discoverer or inventor,比鲁尼
工作日,owned by,Times Media Group
教育部,country,美国
武,family name identical to this given name,武士
数,described by source,The Art of Computer Programming Volume 1: Fundamental Algorithms 3rd edition
学科,said to be the same as,工作领域
材料,topic's main template,Template:Infobox material
距离,topic's main category,Category:Distance
管理科学,fabrication method,企划
李兵,participant of,2011年世界女子手球锦标赛
的,said to be the same as,来自
学校,has part,school building
英语,country,安提瓜和巴布达
软件,history of topic,history of software
语言,topic's main category,Category:Language
知识,different from,资讯
武汉市,contains administrative territorial entity,青山区
湖北省,contains administrative territorial entity,宜昌市
基础,instance of,结构构件
办法,subclass of,过程
信息,subclass of,抽象客体
问题,subclass of,状态
动态,instance of,学术论文
内容,instance of,抽象客体
学院,named after,阿卡德摩斯
类,different from,纲
理论,has part,hypothetical event
比重,use,量度
工作日,headquarters location,Rosebank
教育部,applies to jurisdiction,美国
武,described by source,维基词典
数,described by source,布罗克豪斯-艾佛隆百科词典
学科,facet of,science
材料,topic's main category,Category:材料
距离,described by source,ISO 80000-3:2006: Quantities and units—Part 3: Space and time
管理科学,fabrication method,公共行政
的,said to be the same as,von der
学校,related category,Category:学校题材乐曲
英语,country,阿鲁巴
软件,has part,计算机程序
语言,geography of topic,方言地理学
武汉市,contains administrative territorial entity,洪山区
湖北省,contains administrative territorial entity,襄阳市
基础,subclass of,建设
办法,subclass of,人造客体
信息,studied by,信息学
技术,subclass of,应用科学
问题,has quality,undesirability
动态,language of work or name,汉语
内容,subclass of,资讯
学院,named after,石墓
比重,described by source,亚美尼亚苏维埃百科全书
教育部,follows,美国卫生及公共服务部
数,said to be the same as,标量
材料,said to be the same as,substance
距离,described by source,Ottův slovník naučný
管理科学,fabrication method,社会控制
英语,country,澳大利亚
语言,described by source,Small Brockhaus and Efron Encyclopedic Dictionary
知识,on focus list of Wikimedia project,Wikipedia:基础条目
武汉市,contains administrative territorial entity,东西湖区
湖北省,contains administrative territorial entity,鄂州市
组,subclass of,lithostratigraphic unit
方案,instance of,电视电影
大字,instance of,行政区划类型
系统,subclass of,生物系统
目录,subclass of,编目
热点,subclass of,火山地貌
基础,topic's main category,Category:Foundations (buildings and structures)
信息,has cause,raw data
问题,opposite of,解决方案
动态,published in,外国文学评论
内容,subclass of,content
学院,named after,陵墓
类,different from,社会阶级
教育部,parent organization,美国联邦政府
数,on focus list of Wikimedia project,Wikipedia:基础条目
管理科学,practiced by,干部
英语,country,巴哈马
软件,on focus list of Wikimedia project,Wikipedia:基础条目
语言,described by source,布罗克豪斯-艾佛隆百科词典
知识,Wikimedia outline,outline of knowledge
武汉市,contains administrative territorial entity,汉南区
湖北省,contains administrative territorial entity,荆门市
组,part of,subgroup
方案,instance of,迷你剧集
大字,subclass of,人类聚居地
系统,subclass of,解剖结构
目录,subclass of,file system object
热点,topic's main category,Category:Hotspots (geology)
基础,described by source,亚美尼亚苏维埃百科全书
办法,different from,methodics
信息,has cause,信号
问题,topic's main category,Category:问题
学院,topic's main category,Category:学院
类,different from,教室
教育部,subsidiary,教育科学研究院
管理科学,practiced by,协调人
英语,country,巴林
软件,Wikimedia outline,outline of software
语言,described by source,Bible Encyclopedia of Archimandrite Nicephorus
武汉市,contains administrative territorial entity,蔡甸区
湖北省,contains administrative territorial entity,孝感市
中国,instance of,主权国家
网站,subclass of,数字媒体
博士,instance of,学术衔头
新生,instance of,文学作品
本科生,instance of,职业
会议,subclass of,会面
电话,subclass of,机械
组,topic's main category,Category:地层组
方案,country of origin,英国
大字,subclass of,日本行政区划
系统,part of,生物
目录,subclass of,computer science term
热点,greater than,surroundings
技术,topic's main Wikimedia portal,Portal:技术
问题,described by source,亚美尼亚苏维埃百科全书
学院,described by source,亚美尼亚苏维埃百科全书
教育部,subsidiary,Office of Inspector General Department of Education
管理科学,topic's main template,Template:管理学
英语,country,巴巴多斯
软件,model item,Windows XP
语言,described by source,Desktop Encyclopedic Dictionnary
武汉市,contains administrative territorial entity,江夏区
湖北省,contains administrative territorial entity,荆州市
中国,instance of,国家
网站,subclass of,互动式多媒体
博士,instance of,奖励
新生,genre,骑士文学
会议,subclass of,事件
电话,subclass of,装置
组,has part,member
大字,subclass of,行政领土实体
系统,topic's main category,Category:器官系统
目录,part of,文件系统
热点,model item,夏威夷群岛
信息,used by,Informetrics
技术,topic's main template,Template:技术
问题,described by source,格拉纳特百科词典
学院,described by source,布罗克豪斯-艾佛隆百科词典
教育部,headquarters location,华盛顿哥伦比亚特区
管理科学,topic's main category,Category:管理学
英语,country,伯利兹
软件,model item,火狐浏览器
武汉市,contains administrative territorial entity,黄陂区
湖北省,contains administrative territorial entity,黄冈市
对象,instance of,哲学概念
中国,instance of,社会主义国家
网站,subclass of,互联网作品
博士,instance of,荣誉头衔
新生,genre,自传
会议,part of,conference series
电话,subclass of,消费电子产品
大字,subclass of,Neighborhoods in Japan
系统,has parts of the class,器官
目录,part of,虚拟档案系统
信息,topic's main category,Category:资讯
技术,topic's main category,Category:技术
学院,described by source,Small Brockhaus and Efron Encyclopedic Dictionary
教育部,foundational text,Department of Education Organization Act
管理科学,different from,调控
英语,country,百慕大
软件,model item,Android
语言,has part,langue
武汉市,contains administrative territorial entity,新洲区
湖北省,contains administrative territorial entity,咸宁市
对象,subclass of,实体
中国,instance of,世俗国家
网站,subclass of,计算机网络
新生,has edition,The New Life
会议,edition or translation of,XP Universe
电话,subclass of,电器
大字,country,中华民国
系统,facet of,生理学
目录,part of,directory structure
信息,described by source,亚美尼亚苏维埃百科全书
技术,history of topic,技术史
学院,described by source,The Nuttall Encyclopædia
教育部,topic's main category,Category:美国教育部
管理科学,said to be the same as,administration
英语,country,不丹
软件,model item,SQLite
语言,has part,language
武汉市,located in time zone,东八区
湖北省,contains administrative territorial entity,随州市
对象,part of,主体与客体
中国,instance of,共和立宪制
网站,part of,万维网
博士,topic's main category,Category:Doctor
新生,has edition,La vita nuova
会议,topic's main category,Category:研讨会
电话,part of,telephone network
大字,country,日本
目录,topic's main category,Category:文件系统目录
信息,described by source,Kazakhstan. National encyclopedia
技术,history of topic,history of technology in Ukraine
学院,different from,柏拉图学院
管理科学,facet of,组织
英语,country,波札那
软件,model item,VLC media player
语言,has part,编程语言
武汉市,twinned administrative body,杜伊斯堡
湖北省,contains administrative territorial entity,恩施土家族苗族自治州
对象,has quality,位置
网站,software engine,网页伺服器
博士,described by source,Ottův slovník naučný
新生,has edition,La Vie nouvelle
电话,discoverer or inventor,菲利普-雷斯
大字,country,日治台湾
目录,facet of,操作系统
技术,described by source,格拉纳特百科词典
学院,different from,Academic district France
英语,country,英属印度洋领地
软件,maintained by WikiProject,Wikipedia:软件专题
语言,different from,language
武汉市,twinned administrative body,加拉茨
湖北省,contains administrative territorial entity,仙桃市
对象,manifestation of,mythological object
中国,part of,东亚
网站,practiced by,网站管理员
博士,said to be the same as,博士学位
新生,has edition,Das Neue Leben
电话,discoverer or inventor,以利沙·格雷
大字,located in the administrative territorial entity,Town of Taiwan under Japanese rule
信息,said to be the same as,information
技术,on focus list of Wikimedia project,Wikipedia:基础条目
学院,different from,Académie Royale
英语,country,英属维尔京群岛
武汉市,twinned administrative body,基辅
湖北省,contains administrative territorial entity,潜江市
对象,manifestation of,虚构的对象
中国,founded by,中国共产党
网站,topic's main template,Template:Infobox website
新生,author,但丁·阿利吉耶里
电话,discoverer or inventor,亚历山大·格拉汉姆·贝尔
大字,located in the administrative territorial entity,Village of Taiwan under Japanese rule
信息,on focus list of Wikimedia project,Wikipedia:基础条目
技术,Wikimedia outline,outline of technology
英语,country,汶莱
语言,said to be the same as,Nutq
武汉市,twinned administrative body,喀土穆
湖北省,contains administrative territorial entity,天门市
对象,opposite of,物件
中国,official language,标准汉语
网站,topic's main category,Category:网站
新生,country of origin,意大利
电话,discoverer or inventor,安东尼奥·穆齐
大字,contains administrative territorial entity,小字
技术,maintained by WikiProject,Wikipedia:技术专题
英语,country,柬埔寨
语言,on focus list of Wikimedia project,Wikipedia:基础条目
武汉市,twinned administrative body,大分市
湖北省,contains administrative territorial entity,神农架林区
对象,topic's main template,Template:Infobox object
中国,anthem,义勇军进行曲
网站,has part,网页
新生,language of work or name,意大利语
电话,use,对话
大字,topic's main category,Category:大字
英语,country,喀麦隆
语言,maintained by WikiProject,Wikipedia:语言专题
武汉市,twinned administrative body,波尔多
湖北省,located in time zone,东八区
对象,topic's main category,Category:物品
中国,culture,中华文化
网站,said to be the same as,网页
新生,copyright status,公有领域
电话,topic's main category,Category:Telephones
英语,country,加拿大
武汉市,twinned administrative body,曼彻斯特
湖北省,shares border with,陕西省
对象,described by source,New Encyclopedic Dictionary
中国,continent,亚洲
网站,maintenance method,website maintenance
新生,copyright status,公有领域
电话,history of topic,电话的历史
英语,country,荷兰加勒比区
武汉市,twinned administrative body,基督城
湖北省,shares border with,河南省
对象,disjoint union of,值作为限定符
中国,country,中华人民共和国
新生,topic's main category,Category:Vita Nuova
电话,described by source,亚美尼亚苏维埃百科全书
英语,country,开曼群岛
武汉市,twinned administrative body,阿什杜德
湖北省,shares border with,安徽省
对象,said to be the same as,concrete object
中国,capital,北京市
电话,described by source,Sytin Military Encyclopedia
英语,country,圣诞岛
武汉市,twinned administrative body,阿纳姆
湖北省,shares border with,江西省
对象,on focus list of Wikimedia project,Wikipedia:基础条目
电话,described by source,Riemann's Music Dictionary (1901–1904)
英语,country,科科斯（基林）群岛
武汉市,twinned administrative body,圣珀尔滕
湖北省,shares border with,湖南省
中国,territory claimed by,中华民国
电话,described by source,Small Brockhaus and Efron Encyclopedic Dictionary
英语,country,库克群岛
武汉市,twinned administrative body,匹兹堡
湖北省,shares border with,重庆市
中国,highest point,珠穆朗玛峰
电话,described by source,布罗克豪斯-艾佛隆百科词典
英语,country,多米尼克
武汉市,twinned administrative body,曼谷
湖北省,topic's main category,Category:湖北
中国,lowest point,艾丁湖
电话,described by source,布罗克豪斯-艾佛隆百科词典
英语,country,厄立特里亚
武汉市,twinned administrative body,圣路易斯
湖北省,category of associated people,Category:湖北人
中国,basic form of government,一党制
电话,produced sound,电话铃声
英语,country,埃塞俄比亚
武汉市,twinned administrative body,杰尔
湖北省,category for films shot at this location,Category:湖北取景电影
中国,basic form of government,民主集中制
电话,on focus list of Wikimedia project,Wikipedia:基础条目
英语,country,福克兰群岛
武汉市,twinned administrative body,科帕沃于尔
湖北省,described by source,布罗克豪斯-艾佛隆百科词典
中国,basic form of government,议会共和制
英语,country,斐济
武汉市,twinned administrative body,斯旺西
湖北省,category for maps,Category:Maps of Hubei
中国,basic form of government,单一制
英语,country,冈比亚
武汉市,twinned administrative body,伊兹密尔
中国,basic form of government,共和立宪制
英语,country,迦纳
武汉市,owner of,武汉轨道交通2号线
中国,office held by head of state,中华人民共和国主席
英语,country,直布罗陀
武汉市,owner of,武汉轨道交通1号线
中国,head of state,习近平
英语,country,格林纳达
武汉市,owner of,武汉轨道交通4号线
中国,head of state,胡锦涛
英语,country,美国
武汉市,owner of,武汉轨道交通阳逻线
姓名,subclass of,人名学
部分,subclass of,分子实体
仪式,subclass of,人类行为
论文,subclass of,科学文献
背景,instance of,artistic concept
毕业生,instance of,电影
系,instance of,分类级别
中国,head of state,江泽民
英语,country,根西
武汉市,owner of,武汉轨道交通8号线
姓名,subclass of,full object name
硕士,subclass of,postgraduate degree
部分,subclass of,moiety
仪式,part of,崇拜 (宗教习俗)
背景,subclass of,plane
毕业生,movement,美国新好莱坞电影
系,instance of,infrageneric rank
中国,head of state,杨尚昆
英语,country,圭亚那
武汉市,owner of,武汉轨道交通6号线
专题,instance of,学术论文
方式,subclass of,行动
计划,subclass of,抽象客体
智能,instance of,属性
章,instance of,汉姓
张三,instance of,无名氏
说明,instance of,学术论文
校园,subclass of,institutional complex
姓名,subclass of,personal data
硕士,subclass of,学术衔头
部分,part of,分子实体
仪式,topic's main category,Category:Ritual
论文,subclass of,scholarly work
背景,subclass of,compositional element
毕业生,based on,The Graduate
系,instance of,植物分类级别
中国,head of state,李先念
英语,country,印度
武汉市,owner of,武汉轨道交通7号线
专题,language of work or name,汉语
方式,has quality,结果
计划,depicts,未来
智能,instance of,性状
章,instance of,姓氏
张三,instance of,人名学
说明,language of work or name,汉语
校园,subclass of,教育组织
姓名,used by,personal name system
硕士,subclass of,qualification (degree)
部分,used by,化学分类
仪式,topic's main category,Category:仪式
论文,has cause,academic writing
背景,part of,构图
毕业生,main subject,处女
系,part of,亚节
中国,head of state,叶剑英
英语,country,爱尔兰共和国
武汉市,owner of,武汉轨道交通3号线
专题,published in,开放时代
方式,different from,资源
计划,fabrication method,企划
智能,subclass of,认知
章,writing system,汉字
张三,instance of,多用途名字
说明,published in,世界宗教研究
姓名,topic's main template,Template:各文化人名
硕士,followed by,副博士学位
部分,topic's main category,Category:官能团
论文,uses,学术同行评审
背景,opposite of,前景
毕业生,genre,喜剧电视剧
中国,head of state,宋庆龄
英语,country,曼岛
武汉市,owner of,武汉轨道交通11号线
计划,described by source,Ottův slovník naučný
智能,has effect,mental object
章,topic's main category,Category:章姓
校园,part of,应用科学大学
姓名,topic's main category,Category:人名
硕士,topic's main category,Category:硕士学位
部分,different from,自由基
论文,topic's main category,Category:论文
毕业生,genre,成年故事
系,facet of,植物学
中国,head of state,朱德
英语,country,以色列
武汉市,topic's main category,Category:武汉
计划,different from,企划
智能,measured by,韦克斯勒成人智力量表
章,described by source,百家姓
张三,writing system,拉丁文字
校园,topic's main category,Category:校区
姓名,has part,姓氏
硕士,described by source,亚美尼亚苏维埃百科全书
论文,different from,学术期刊文章
毕业生,genre,基于文学的电影
中国,head of state,董必武
英语,country,牙买加
武汉市,category of associated people,Category:武汉人
智能,measured by,韦克斯勒儿童智力量表
章,different from,Zhang
张三,has part,约翰
校园,has part,university building
姓名,has part,名字
硕士,described by source,Explanatory Dictionary of the Living Great Russian Language
论文,model item,核酸分子结构
毕业生,genre,剧情片
中国,head of state,刘少奇
英语,country,泽西
武汉市,category for people born here,Category:Births in Wuhan
智能,measured by,斯坦福-比奈智力量表
张三,has part,Doe
姓名,has part,母名
硕士,described by source,布罗克豪斯-艾佛隆百科词典
论文,model item,论动体的电动力学
毕业生,genre,浪漫喜剧
中国,head of state,毛泽东
英语,country,肯尼亚
武汉市,category for films shot at this location,Category:武汉取景电影
智能,measured by,Cattell Culture Fair III
张三,has part,Roe
姓名,has part,父名
硕士,described by source,Small Brockhaus and Efron Encyclopedic Dictionary
毕业生,country of origin,美国
中国,head of state,宋庆龄
英语,country,吉里巴斯
武汉市,described by source,亚美尼亚苏维埃百科全书
智能,opposite of,愚蠢
张三,different from,Nomen nescio
姓名,disjoint union of,值作为限定符
硕士,said to be the same as,文学硕士
中国,office held by head of government,中华人民共和国国务院总理
英语,country,黎巴嫩
武汉市,category for maps,Category:Maps of Wuhan
智能,topic's main category,Category:智力
张三,different from,Jane Doe
硕士,said to be the same as,laurea magistrale
毕业生,director,迈克·尼科尔斯
中国,head of government,李克强
英语,country,莱索托
智能,described by source,Kazakhstan. National encyclopedia
张三,facet of,法医学
硕士,said to be the same as,法国硕士
毕业生,screenwriter,Calder Willingham
中国,head of government,温家宝
英语,country,利比里亚
智能,described by source,Small Brockhaus and Efron Encyclopedic Dictionary
张三,facet of,法学
硕士,said to be the same as,candidate
毕业生,screenwriter,巴克·亨利
中国,head of government,朱镕基
英语,country,马达加斯加
智能,said to be the same as,intellect
硕士,prerequisite,学士
毕业生,screenwriter,Charles Webb
中国,head of government,李鹏
英语,country,马拉维
毕业生,cast member,德斯汀·荷夫曼
中国,head of government,赵紫阳
英语,country,马来西亚
毕业生,cast member,安妮·班克罗夫特
中国,head of government,华国锋
英语,country,马尔代夫
毕业生,cast member,凯瑟琳·萝丝
中国,head of government,周恩来
英语,country,马耳他
毕业生,cast member,威廉·丹尼尔斯
中国,executive body,中华人民共和国国务院
英语,country,马绍尔群岛
毕业生,cast member,伊莉沙白·威森
中国,legislative body,全国人民代表大会
英语,country,毛里求斯
毕业生,cast member,莫瑞·汉密尔顿
中国,legislative body,全国人民代表大会常务委员会
英语,country,密克罗尼西亚联邦
毕业生,cast member,Marion Lorne
中国,highest judicial authority,中华人民共和国最高人民法院
英语,country,蒙塞拉特岛
毕业生,cast member,诺曼·费尔
中国,highest judicial authority,最高人民检察院
英语,country,纳米比亚
毕业生,cast member,伊丽莎白·弗雷泽
中国,central bank,中国人民银行
英语,country,诺鲁
毕业生,cast member,李察·德雷福斯
中国,diplomatic relation,美国
英语,country,新西兰
地址,subclass of,personal data
高校,instance of,维基媒体消歧义页
个人,subclass of,物件
工程,instance of,computer science term
院,instance of,汉姓
等级分,instance of,rating system
质量,instance of,scalar magnitude
毕业生,cast member,巴克·亨利
中国,diplomatic relation,俄罗斯
英语,country,奈及利亚
地址,subclass of,名称
个人,subclass of,agent
工程,subclass of,music production
院,instance of,姓氏
等级分,part of,chess terminology
质量,subclass of,外延物理量
毕业生,cast member,爱丽丝·古斯利
中国,diplomatic relation,以色列
英语,country,纽埃
票,instance of,电影
技能,subclass of,能力倾向
八一路,country,中华人民共和国
单位,subclass of,measure
电子,instance of,量子粒子种类
比例,instance of,质
地址,subclass of,address
个人,subclass of,item with given name property
工程,subclass of,电脑程式设计
院,writing system,汉字
等级分,named after,阿尔帕德·埃洛
质量,subclass of,ISQ base quantity
毕业生,cast member,Eddra Gale
中国,diplomatic relation,巴西
英语,country,诺福克岛
武汉大学,country,中华人民共和国
票,genre,爱情片
老师,subclass of,博学者
单位,part of,单位制
电子,subclass of,轻子
比例,subclass of,dependence
地址,topic's main category,Category:地址
个人,subclass of,个体
工程,practiced by,music programmer
等级分,derivative work,0 A.D.
质量,part of,质能等价
毕业生,cast member,华特·布鲁克
中国,diplomatic relation,意大利
英语,country,阿曼
票,country of origin,大韩民国
技能,topic's main category,Category:技能
老师,subclass of,专业人士
单位,part of,量值
电子,subclass of,费米子
比例,notation,double colon
地址,has part,street address
个人,has quality,个人生活
等级分,sport,乒乓球
质量,part of,力
毕业生,cast member,麦克·法洛
中国,diplomatic relation,德国
英语,country,巴基斯坦
票,original language of film or TV show,朝鲜语
技能,described by source,亚美尼亚苏维埃百科全书
老师,field of this occupation,教育
单位,topic's main template,Template:Infobox unit
电子,named after,琥珀
比例,topic's main category,Category:Proportionality
地址,has part,邮政编码
个人,has quality,化名
等级分,sport,围棋
质量,has effect,Forc
毕业生,cast member,Donald F. Glut
中国,diplomatic relation,佛得角
英语,country,帛琉
武汉大学,topic's main category,Category:武汉大学
票,director,林权泽
技能,different from,Habilidad
老师,uses,education terminology
单位,topic's main category,Category:度量衡
电子,followed by,Μ子
地址,has part,place of destination
个人,has quality,出生日期
等级分,sport,国际象棋
质量,has quality,量纲
毕业生,cast member,Harry Holcombe
中国,diplomatic relation,纽埃
英语,country,巴布亚新几内亚
武汉大学,category for employees of the organization,Category:武汉大学教授
票,cast member,金芝美
老师,topic's main category,Category:教育家
单位,described by source,International Vocabulary of Metrology
电子,discoverer or inventor,约瑟夫·汤姆孙
个人,has quality,关系状态
等级分,discoverer or inventor,阿尔帕德·埃洛
质量,has quality,惯性原理
毕业生,cast member,伊莱恩·梅
中国,diplomatic relation,蒙古国
英语,country,菲律宾
武汉大学,category for alumni of educational institution,Category:武汉大学校友
票,color,彩色
老师,different from,教育学家
单位,described by source,布罗克豪斯-艾佛隆百科词典
电子,antiparticle,正电子
个人,has quality,person property
等级分,topic's main template,Template:Peak rating of chess players
质量,has quality,能量
毕业生,cast member,Eve McVeagh
中国,diplomatic relation,澳大利亚
英语,country,皮特凯恩群岛
单位,described by source,Small Brockhaus and Efron Encyclopedic Dictionary
电子,has superpartner,selectron
个人,has quality,年龄
等级分,different from,Elo
质量,measured by,千克
毕业生,cast member,Kevin Tighe
中国,diplomatic relation,也门
英语,country,卢旺达
单位,described by source,Real'nyj slovar' klassicheskih drevnostej po Ljubkeru
电子,interaction,弱相互作用
个人,has quality,人格性
质量,topic's main category,Category:质量
毕业生,director of photography,罗伯特·瑟蒂斯
中国,diplomatic relation,塞尔维亚
英语,country,圣赫勒拿、阿森松和特里斯坦-达库尼亚
单位,described by source,布罗克豪斯-艾佛隆百科词典
电子,interaction,电磁力
个人,has quality,名字
质量,described by source,亚美尼亚苏维埃百科全书
毕业生,film editor,珍爱奥斯汀
中国,diplomatic relation,新加坡
英语,country,圣克里斯多福与尼维斯
单位,described by source,Jewish Encyclopedia of Brockhaus and Efron
电子,interaction,引力
个人,has quality,性别
质量,described by source,ISO 80000-4:2006: Quantities and units—Part 4: Mechanics
毕业生,production designer,Richard Sylbert
中国,diplomatic relation,乌克兰
英语,country,圣卢西亚
单位,described by source,Bible Encyclopedia of Archimandrite Nicephorus
电子,opposite of,空穴
个人,has quality,姓氏
质量,different from,不变质量
毕业生,composer,戴夫·格鲁辛
中国,diplomatic relation,沙特阿拉伯
英语,country,法属圣马丁
单位,described by source,ISO 80000-1:2009: Quantities and units—Part 1: General
电子,topic's main category,Category:电子
个人,opposite of,社会意识
质量,different from,重量
毕业生,producer,劳伦斯·特曼
中国,diplomatic relation,叙利亚
英语,country,圣文森特和格林纳丁斯
单位,different from,允许单位约束
个人,opposite of,社会
质量,said to be the same as,重量
毕业生,producer,约瑟·E·李云
中国,diplomatic relation,大韩民国
英语,country,萨摩亚
单位,different from,量纲
个人,topic's main category,Category:人物
质量,on focus list of Wikimedia project,Wikipedia:基础条目
毕业生,production company,劳伦斯·特曼
中国,diplomatic relation,菲律宾
英语,country,塞舌尔
个人,different from,人格性
毕业生,distributor,富高使馆电影公司
中国,diplomatic relation,白俄罗斯
英语,country,塞拉利昂
个人,said to be the same as,自然人
毕业生,after a work by,Charles Webb
中国,diplomatic relation,日本
英语,country,新加坡
个人,category for eponymous categories,Category:以人物命名的分类
毕业生,soundtrack release,The Graduate – Original Soundtrack Recording
中国,diplomatic relation,土耳其
英语,country,荷属圣马丁
个人,on focus list of Wikimedia project,Wikipedia:人权专题
毕业生,narrative location,洛杉矶
中国,diplomatic relation,巴基斯坦
英语,country,所罗门群岛
毕业生,narrative location,旧金山
中国,diplomatic relation,孟加拉国
英语,country,南非
毕业生,narrative location,加利福尼亚州
中国,diplomatic relation,朝鲜民主主义人民共和国
英语,country,南苏丹
毕业生,filming location,旧金山
中国,diplomatic relation,哈萨克斯坦
英语,country,斯里兰卡
毕业生,filming location,大使酒店
中国,diplomatic relation,印度
英语,country,苏丹
毕业生,color,彩色
中国,diplomatic relation,希腊
英语,country,斯威士兰
毕业生,award received,国家影片登记部
中国,diplomatic relation,斐济
英语,country,坦桑尼亚
专业,instance of,维基数据元类
日期,subclass of,日
网络,instance of,维基媒体消歧义页
科研,subclass of,方法
格式,subclass of,arrangement
刊物,instance of,大众媒体
科学,instance of,科学期刊
毕业生,award received,奥斯卡最佳导演奖
中国,diplomatic relation,阿拉伯联合酋长国
英语,country,托克劳群岛
专业,instance of,一级元类
日期,subclass of,时间点
网络,said to be the same as,Network
科研,subclass of,过程
格式,on focus list of Wikimedia project,WikiProject Q 68235346
官网,topic's main template,Template:Official website
刊物,subclass of,作品
科学,field of work,science
毕业生,nominated for,奥斯卡最佳女配角奖
中国,diplomatic relation,奥地利
英语,country,东加
项目,instance of,概念
bm,instance of,岛群
文章,subclass of,文本
标准,subclass of,规则
汉,instance of,中国历史朝代
基地,instance of,文学作品
专业,subclass of,职业
日期,topic's main template,Template:Months and days
网络,said to be the same as,Netzwerk
科研,part of,研究
官网,topic's main template,Template:Wikidata/P856
刊物,topic's main category,Category:出版品
科学,main subject,science
毕业生,nominated for,奥斯卡最佳男主角奖
中国,diplomatic relation,赤道几内亚
英语,country,千里达及托巴哥
经济学,instance of,学术专业
项目,subclass of,活动
bm,instance of,英国海外领土
文章,subclass of,作品
标准,subclass of,文献
汉,part of,三国
基地,part of the series,基地系列
专业,subclass of,职业
日期,topic's main category,Category:Days of the year
网络,said to be the same as,Réseau
科研,used by,science
官网,topic's main template,Template:Official URL
科学,editor,玛西娅·麦克纳特
毕业生,nominated for,奥斯卡最佳女主角奖
中国,diplomatic relation,波斯
英语,country,特克斯和凯科斯群岛
经济学,subclass of,社会科学
项目,topic's main category,Category:Projects
bm,instance of,行政领土实体
标准,has cause,norm
汉,continent,亚洲
基地,part of the series,基地三部曲
专业,practiced by,专业人士
日期,different from,Data
科研,used by,科学家
科学,publisher,美国科学促进会
毕业生,nominated for,奥斯卡最佳导演奖
中国,diplomatic relation,非洲
英语,country,吐瓦鲁
经济学,part of,economic and social sciences
项目,described by source,亚美尼亚苏维埃百科全书
bm,named after,胡安·百慕大
标准,topic's main category,Category:标准
汉,capital,成都市
基地,genre,科幻小说
专业,topic's main template,Template:Infobox occupation
日期,maintained by WikiProject,WikiProject Calendar Dates
科研,topic's main category,Category:科学方法
科学,country of origin,美国
毕业生,nominated for,奥斯卡最佳摄影奖
中国,diplomatic relation,阿富汗
英语,country,美属维尔京群岛
经济学,practiced by,经济学家
文章,topic's main template,Template:Infobox article
标准,described by source,亚美尼亚苏维埃百科全书
汉,basic form of government,君主制
基地,has edition,Foundation
专业,topic's main category,Category:Professions
科研,described by source,亚美尼亚苏维埃百科全书
毕业生,nominated for,奥斯卡最佳改编剧本奖
中国,diplomatic relation,阿塞拜疆
英语,country,乌干达
经济学,studies,经济
bm,anthem,天佑女王
文章,topic's main category,Category:Articles from periodicals
标准,union of,值作为限定符
汉,head of state,刘备
基地,author,艾萨克·阿西莫夫
专业,described by source,Small Brockhaus and Efron Encyclopedic Dictionary
科研,Wikimedia outline,outline of scientific method
科学,award received,Princess of Asturias Award for Communications and Humanities
毕业生,nominated for,奥斯卡最佳影片奖
中国,diplomatic relation,秘鲁
英语,country,阿拉伯联合酋长国
经济学,studies,商品
bm,country,英国
文章,described by source,亚美尼亚苏维埃百科全书
标准,different from,技术规范
汉,head of state,刘禅
基地,publisher,Gnome Press
专业,different from,职业
科学,award received,乔治·波尔卡新闻奖 George Polk Award
毕业生,ClassInd category,14
中国,diplomatic relation,欧洲联盟
英语,country,英国
经济学,studies,服务
bm,capital,哈密尔顿
文章,has part,新闻标题
标准,facet of,标准化
汉,religion,道教
基地,place of publication,美国
专业,different from,职位
科学,headquarters location,华盛顿哥伦比亚特区
毕业生,CNC film rating (France),no age restriction (U)
中国,diplomatic relation,埃及
英语,country,万那杜
经济学,topic's main template,Template:Economics
bm,located in the administrative territorial entity,英国海外领土
文章,has part,byline
汉,currency,中国古代货币
基地,country of origin,美国
专业,different from,job title
科学,has part,科学月报
毕业生,FSK film rating,FSK 12
中国,diplomatic relation,辛巴威
英语,country,赞比亚
经济学,topic's main template,Template:Economics sidebar
bm,basic form of government,英国海外领土
文章,has part,导言
汉,time period,三国
基地,language of work or name,美国英语
毕业生,has quality,fails the Bechdel Test
中国,diplomatic relation,赞比亚
英语,country,辛巴威
经济学,topic's main category,Category:经济学
bm,head of state,约翰·蓝钦
文章,has part,body of an article
汉,topic's main category,Category:蜀汉
基地,cover art by,David Kyle
毕业生,different from,The Graduate
中国,diplomatic relation,越南
英语,located in the administrative territorial entity,香港
经济学,history of topic,经济思想史
bm,office held by head of government,Premier of Bermuda
文章,different from,冠词
基地,takes place in fictional universe,基地宇宙
中国,diplomatic relation,委内瑞拉
英语,influenced by,法语
经济学,described by source,亚美尼亚苏维埃百科全书
bm,head of government,爱德华·戴伯·伯特
文章,different from,article
基地,characters,哈里·谢顿
中国,diplomatic relation,万那杜
英语,influenced by,德语
经济学,has part,微观经济学
bm,legislative body,百慕达议会
文章,different from,Article
基地,follows,Foundation's Triumph
中国,diplomatic relation,乌拉圭
英语,influenced by,通俗拉丁语
经济学,has part,宏观经济学
bm,central bank,百慕大金融管理局
基地,followed by,基地与帝国
中国,diplomatic relation,英国
英语,studied by,英文系
经济学,has part,计量经济学
bm,diplomatic relation,美国
中国,diplomatic relation,乌干达
英语,linguistic typology,主谓宾结构
经济学,has part,公共经济学
中国,diplomatic relation,突尼西亚
英语,linguistic typology,主宾格语言
经济学,has part,教育经济学
bm,located in time zone,UTC−04:00
中国,diplomatic relation,千里达及托巴哥
英语,linguistic typology,重音节拍语言
经济学,has part,劳动经济学
bm,currency,百慕达元
中国,diplomatic relation,东加
英语,linguistic typology,place–manner–time
经济学,different from,经济
bm,currency,美元
中国,diplomatic relation,多哥
英语,linguistic typology,屈折语
经济学,different from,经济活动
bm,currency,Bermudian pound
中国,diplomatic relation,泰国
英语,has grammatical case,属格
经济学,said to be the same as,economics
bm,currency,英镑
中国,diplomatic relation,坦桑尼亚
英语,has grammatical case,主格
经济学,on focus list of Wikimedia project,Wikipedia:基础条目
bm,owner of,百慕达国际机场
中国,diplomatic relation,塔吉克斯坦
英语,has grammatical case,间接格
经济学,maintained by WikiProject,Wikipedia:经济学专题
bm,flag,百慕大旗帜
中国,diplomatic relation,瑞士
英语,has grammatical mood,已然语气
bm,coat of arms,百慕大纹章
中国,diplomatic relation,瑞典
英语,has grammatical mood,虚拟语气
bm,driving side,左
中国,diplomatic relation,苏利南
英语,has grammatical gender,阳性
bm,electrical plug type,NEMA 1-15
中国,diplomatic relation,苏丹
英语,has grammatical gender,feminine
bm,electrical plug type,NEMA 5-15
中国,diplomatic relation,斯里兰卡
英语,has grammatical gender,neuter
bm,separated from,弗吉尼亚自治领
中国,diplomatic relation,西班牙
英语,has grammatical person,first-person singular
bm,top-level Internet domain,.bm
中国,diplomatic relation,南苏丹
英语,has grammatical person,second-person singular
bm,topic's main Wikimedia portal,Portal:Bermuda
中国,diplomatic relation,南非
英语,has grammatical person,third-person masculine singular
bm,topic's main category,Category:百慕大
中国,diplomatic relation,索马里
英语,has grammatical person,third-person feminine singular
bm,category of associated people,Category:百慕达人
中国,diplomatic relation,塞拉利昂
英语,has grammatical person,third-person neuter singular
bm,category for people who died here,Category:Death in Bermuda
中国,diplomatic relation,塞舌尔
英语,has grammatical person,first-person plural
bm,emergency phone number,911按钮
中国,diplomatic relation,塞内加尔
英语,has grammatical person,second-person plural
bm,geography of topic,百慕大地理
中国,diplomatic relation,圣多美和普林西比
英语,has grammatical person,third-person plural
bm,described by source,Small Brockhaus and Efron Encyclopedic Dictionary
中国,diplomatic relation,萨摩亚
英语,writing system,英语字母
bm,described by source,The Nuttall Encyclopædia
中国,diplomatic relation,卢旺达
英语,writing system,萧伯纳字母
bm,Wikimedia outline,outline of Bermuda
中国,diplomatic relation,罗马尼亚
英语,uses capitalization for,月份
bm,category for maps,Category:Maps of Bermuda
中国,diplomatic relation,刚果共和国
英语,uses capitalization for,宗教
中国,diplomatic relation,葡萄牙
英语,uses capitalization for,星期中的日子
中国,diplomatic relation,波兰
英语,uses capitalization for,区域居民称谓词
中国,diplomatic relation,巴布亚新几内亚
中国,diplomatic relation,巴拿马
英语,uses capitalization for,专有名词
中国,diplomatic relation,巴勒斯坦
英语,signed form,英国手势英语
中国,diplomatic relation,挪威
英语,UNESCO language status,1 无危
中国,diplomatic relation,奈及利亚
英语,Ethnologue language status,1 National
中国,diplomatic relation,新西兰
英语,indigenous to,英格兰
中国,diplomatic relation,荷兰
英语,indigenous to,苏格兰
中国,diplomatic relation,尼泊尔
英语,indigenous to,英国
中国,diplomatic relation,纳米比亚
英语,indigenous to,威尔斯
中国,diplomatic relation,缅甸
英语,indigenous to,爱尔兰共和国
中国,diplomatic relation,莫桑比克
英语,indigenous to,曼岛
学生,instance of,职业
国,subclass of,组织
中国,diplomatic relation,摩洛哥
英语,topic's main Wikimedia portal,Portal:English
学生,subclass of,learner
国,subclass of,群体
中国,diplomatic relation,墨西哥
英语,topic's main category,Category:英语
学生,opposite of,教师
国,subclass of,法人
中国,diplomatic relation,毛里求斯
英语,history of topic,英语史
学生,topic's main category,Category:学生
国,subclass of,政治领土实体
中国,diplomatic relation,毛里塔尼亚
英语,described by source,Great Soviet Encyclopedia (1926–1947)
国,subclass of,行政领土实体
中国,diplomatic relation,马里共和国
英语,described by source,Encyclopedic Lexicon
国,subclass of,国际公法主体
中国,diplomatic relation,马尔代夫
英语,described by source,格拉纳特百科词典
国,owner of,public treasury
中国,diplomatic relation,马来西亚
英语,has part,公认发音
国,owner of,国有
中国,diplomatic relation,马拉维
英语,has part,美国英语
国,topic's main template,Template:Infobox country
中国,diplomatic relation,马达加斯加
英语,has part,澳大利亚英语
国,topic's main category,Category:State (polity)
中国,diplomatic relation,卢森堡
英语,has part,印度英语
国,topic's main category,Category:State
中国,diplomatic relation,立陶宛
英语,has part,加拿大英语
国,described by source,布罗克豪斯-艾佛隆百科词典
中国,diplomatic relation,利比亚
英语,has part,英式英语
国,described by source,Small Brockhaus and Efron Encyclopedic Dictionary
中国,diplomatic relation,利比里亚
英语,has part,苏格兰英语
中国,diplomatic relation,老挝
英语,has part,爱尔兰英语
国,different from,构成国
中国,diplomatic relation,吉尔吉斯斯坦
英语,has part,威尔士英语
国,different from,联邦制下的州
中国,diplomatic relation,吉里巴斯
英语,has part,魁北克英语
国,different from,国籍
中国,diplomatic relation,肯尼亚
英语,has part,加勒比海英语
国,different from,国家
中国,diplomatic relation,牙买加
英语,has part,非洲裔美国人白话英语
国,different from,self-proclaimed state
中国,diplomatic relation,科特迪瓦
英语,different from,英文
国,different from,主权国家
中国,diplomatic relation,爱尔兰共和国
英语,different from,Ingles
国,on focus list of Wikimedia project,Wikipedia:基础条目
中国,diplomatic relation,伊拉克
英语,different from,Inglés
国,on focus list of Wikimedia project,Wikipedia:人权专题
中国,diplomatic relation,印度尼西亚
英语,different from,Yingwen
中国,diplomatic relation,冰岛
英语,said to be the same as,Oldspeak
中国,diplomatic relation,几内亚比索
英语,on focus list of Wikimedia project,Wikipedia:基础条目
中国,diplomatic relation,几内亚
英语,category for films in this language,Category:英语电影
中国,diplomatic relation,格林纳达
英语,related category,Category:English pronunciation
中国,diplomatic relation,迦纳
中国,diplomatic relation,加蓬
中国,diplomatic relation,芬兰
中国,diplomatic relation,密克罗尼西亚联邦
中国,diplomatic relation,厄立特里亚
中国,diplomatic relation,厄瓜多尔
中国,diplomatic relation,东帝汶
中国,diplomatic relation,吉布提
中国,diplomatic relation,丹麦
中国,diplomatic relation,刚果民主共和国
中国,diplomatic relation,捷克
中国,diplomatic relation,赛普勒斯
中国,diplomatic relation,古巴
中国,diplomatic relation,克罗地亚
中国,diplomatic relation,葛摩
中国,diplomatic relation,不丹
中国,diplomatic relation,阿尔巴尼亚
中国,diplomatic relation,阿尔及利亚
中国,diplomatic relation,安哥拉
中国,diplomatic relation,安提瓜和巴布达
中国,diplomatic relation,阿根廷
中国,diplomatic relation,巴哈马
中国,diplomatic relation,比利时
中国,diplomatic relation,加拿大
中国,diplomatic relation,中非共和国
中国,diplomatic relation,贝宁
中国,diplomatic relation,柬埔寨
中国,diplomatic relation,乍得
中国,diplomatic relation,巴巴多斯
中国,diplomatic relation,玻利维亚
中国,diplomatic relation,波札那
中国,diplomatic relation,保加利亚
中国,diplomatic relation,蒲隆地
中国,diplomatic relation,智利
中国,diplomatic relation,汶莱
中国,diplomatic relation,亚美尼亚
中国,diplomatic relation,科索沃
中国,diplomatic relation,梵蒂冈
中国,diplomatic relation,匈牙利
中国,member of,联合国
中国,member of,世界贸易组织
中国,member of,上海合作组织
中国,member of,二十国集团
中国,member of,亚太经济合作组织
中国,member of,国际复兴开发银行
中国,member of,国际开发协会
中国,member of,国际金融公司
中国,member of,多边投资担保机构
中国,member of,国际投资争端解决中心
中国,member of,非洲开发银行
中国,member of,非洲联盟-联合国达尔富尔混合行动
中国,member of,Association of Southeast Asian Nations Regional Forum
中国,member of,亚洲开发银行
中国,member of,金砖国家
中国,member of,加勒比开发银行
中国,member of,联合国安全理事会
中国,member of,国际刑警组织
中国,member of,核供应国集团
中国,member of,禁止化学武器组织
中国,member of,国际航道测量组织
中国,member of,联合国教育、科学与文化组织
中国,member of,Group on Earth Observations
中国,member of,万国邮政联盟
中国,member of,国际电信联盟
中国,public holiday,元旦
中国,public holiday,春节
中国,public holiday,国际妇女节
中国,public holiday,清明节
中国,public holiday,国际劳动节
中国,public holiday,五四青年节
中国,public holiday,中国大陆儿童节
中国,public holiday,中秋节
中国,public holiday,中华人民共和国国庆节
中国,language used,广州话
中国,language used,Buyuan Jinuo
中国,language used,Youle Jinuo
中国,language used,Southern Guiyang language
中国,language used,Southern Bai
中国,language used,Central Bai
中国,language used,Northern Qiandong Miao
中国,language used,白马语
中国,language used,鄂伦春语
中国,language used,Tinani
中国,language used,Kaduo
中国,language used,嘉绒语
中国,language used,金门方言
中国,language used,瓦乡话
中国,language used,U
中国,language used,Katso
中国,language used,标准汉语
中国,language used,Chadong
中国,language used,黎语
中国,language used,莽语
中国,language used,Choyo
中国,language used,撒尼语
中国,language used,五屯话
中国,language used,仡隆语
中国,language used,普标语
中国,language used,苗语滇东北次方言
中国,language used,木雅语
中国,language used,中国手语
中国,language used,标话
中国,language used,佤语
中国,language used,勉方言
中国,language used,Muda
中国,language used,民讲
中国,language used,Micha language
中国,language used,Axi language
中国,language used,佯僙语
中国,language used,Azha
中国,language used,Moji
中国,language used,Azhe
中国,language used,Tai Ya
中国,language used,卫藏方言
中国,language used,Muzi
中国,language used,畲语
中国,language used,巴哼语
中国,language used,布朗语
中国,language used,布芒语
中国,language used,粤语
中国,language used,Biao Min language
中国,language used,Ai-Cham
中国,language used,Naluo language
中国,language used,Zokhuo
中国,language used,文麻壮语
中国,language used,砚广壮语
中国,language used,Paha language
中国,language used,临高语
中国,language used,Bit
中国,language used,桑孔语
中国,language used,Phupha language
中国,language used,Choni
中国,language used,西摩洛语
中国,language used,柔若语
中国,language used,Pholo
中国,language used,Phola language
中国,language used,草苗
中国,language used,阿车语
中国,language used,苗语支
中国,language used,Samatao
中国,language used,Samei
中国,language used,Gepo
中国,language used,Bugan
中国,language used,⿰亻革家话
中国,language used,Awu Yi language
中国,language used,Tseku
中国,language used,山苏语
中国,language used,Dzao Min
中国,language used,Guiqiong
中国,language used,拉坞戎语
中国,language used,水语
中国,language used,Sanie
中国,language used,仫佬语
中国,language used,毛南语
中国,language used,Hu
中国,language used,康家语
中国,language used,红金傣语
中国,language used,Sonaga
中国,language used,Small Flowery Miao
中国,language used,加茂语
中国,language used,傣端语
中国,language used,Man Met
中国,language used,堂郎语
中国,language used,Thopho
中国,language used,拉珈语
中国,language used,Khlula
中国,language used,阿罗语
中国,language used,Mak
中国,language used,Kathu
中国,language used,Akeu
中国,language used,尔苏语
中国,language used,Kon Keu
中国,language used,Kua-nsi
中国,language used,Kuan language
中国,language used,Kuamasi
中国,language used,苗语川黔滇次方言
中国,language used,内蒙古方言
中国,language used,Bolyu
中国,language used,勒期语
中国,language used,Lang'e
中国,language used,Lawu
中国,language used,Lamu
中国,language used,Lama language
中国,language used,德靖壮语
中国,language used,邕南壮语
中国,language used,邕北土语
中国,language used,布依语
中国,language used,苗语罗泊河次方言
中国,language used,Pa Di
中国,language used,右江壮语
中国,language used,阿迪语
中国,language used,闽中语
中国,language used,彝语中部方言
中国,language used,Hm Nai language
中国,language used,义都语
中国,language used,怒苏语
中国,language used,傈僳语
中国,language used,晋语
中国,language used,独龙语
中国,language used,达让语
中国,language used,Limi
中国,language used,傣担语
中国,language used,东红水河壮语
中国,language used,Lachi
中国,language used,左江壮语
中国,language used,布努语
中国,language used,Mili
中国,language used,安多方言
中国,language used,Groma
中国,language used,徽语
中国,language used,莆仙语
中国,language used,羌语
中国,language used,Southern Qiang
中国,language used,阿昌语
中国,language used,拉乌语
中国,language used,阿卡语
中国,language used,康方言
中国,language used,诶话
中国,language used,侗语
中国,language used,载瓦语
中国,language used,Laomian
中国,language used,尔龚语
中国,language used,Honi
中国,language used,Piyo language
中国,language used,纳木依语
中国,language used,波拉语
中国,language used,Zakhring
中国,language used,汉语
中国,language used,拉祜语
中国,language used,Lipo
中国,language used,哈尼语
中国,language used,闽东语
中国,language used,闽北语
中国,language used,官话
中国,language used,越南语
中国,language used,闽南语
中国,language used,柯尔克孜语
中国,language used,夏尔巴语
中国,language used,德宏傣语
中国,language used,哈萨克语
中国,language used,傣仂语
中国,language used,Zhaba
中国,language used,史兴语
中国,language used,格曼语
中国,language used,Kiong Nai
中国,language used,优诺语
中国,language used,维吾尔语
中国,language used,壮语
中国,language used,锡伯语
中国,language used,仓洛语
中国,language used,湘语
中国,language used,艾努语
中国,language used,达斡尔语
中国,language used,东乡语
中国,language used,保安语
中国,language used,客家话
中国,language used,克木语
中国,language used,鄂温克语
中国,language used,东部裕固语
中国,language used,景颇语
中国,language used,伊犁土尔克语
中国,language used,赣语
中国,language used,满语
中国,language used,色勒库尔语
中国,language used,西部裕固语
中国,language used,回辉话
中国,language used,彝语北部方言
中国,language used,撒拉语
中国,language used,土族语
中国,language used,藏语
中国,language used,吴语
中国,language used,Awa
中国,language used,Langnian Buyang
中国,language used,Northern Pumi
中国,language used,Hmong Njua
中国,language used,Hmong Daw
中国,language used,Southern Pumi
中国,language used,Parauk
中国,language used,Western Xiangxi language
中国,language used,Red Gelao
中国,language used,Yerong
中国,language used,White Gelao
中国,language used,Biao Mon
中国,language used,木佬语
中国,language used,Alugu
中国,language used,Southern Tujia
中国,language used,Panyi Bai
中国,language used,Southern Lolopo
中国,language used,Kyerung
中国,language used,Lopi
中国,language used,Wusa Nasu
中国,language used,Xishanba Lalo
中国,language used,Nisi language
中国,language used,Dongshanba Lalo
中国,language used,北部土家语
中国,language used,Eastern Lalu
中国,language used,Western Lalu
中国,language used,Central Mashan language
中国,language used,Southern Qiandong language
中国,language used,Northern Mashan language
中国,language used,Southern Mashan language
中国,language used,Rumai Palaung
中国,language used,Central Huishui language
中国,language used,Eastern Huishui language
中国,language used,Southwestern Huishui language
中国,language used,Western Mashan language
中国,language used,Northern Guiyang language
中国,language used,Lhomi
中国,language used,A'ou
中国,language used,E'ma Buyang
中国,language used,Qau
中国,language used,Northern Dong
中国,language used,Guibei Zhuang
中国,language used,Liujiang Zhuang
中国,language used,Guibian Zhuang
中国,language used,Qiubei Zhuang
中国,language used,Ayizi
中国,language used,China Buriat
中国,language used,Narua
中国,language used,Northern Nisu
中国,language used,Wumeng Nasu
中国,language used,Lahu Shi
中国,language used,Hmong Shua
中国,language used,Stodse
中国,language used,Wuding-Luquan Yi
中国,language used,Eastern Nisu
中国,language used,Chesu
中国,language used,Wunai Bunu
中国,language used,Southwestern Guiyang language
中国,language used,Eastern Xiangxi language
中国,language used,Northern Huishui language
中国,language used,Kemiehua
中国,language used,Eastern Qiandong language
中国,language used,Alo Phola
中国,language used,Phala
中国,language used,Ani Phowa
中国,language used,Northwestern Nisu language
中国,language used,Phupa language
中国,language used,Phuza language
中国,language used,Qila Muji
中国,language used,Northern Muji
中国,language used,Southern Muji language
中国,language used,Southern Nisu language
中国,language used,Southwestern Nisu language
中国,language used,Bokha language
中国,language used,Liuqian Zhuang
中国,language used,Labo Phowa
中国,language used,Horned Miao language
中国,language used,Hlepho Phowa language
中国,language used,Lianshan Zhuang
中国,language used,Phuma language
中国,language used,Central Hongshuihe Zhuang
中国,language used,门巴语
中国,replaces,中华民国 (1912–1949)
中国,replaces,内蒙古人民共和国
中国,replaces,中华民国
中国,ethnic group,汉族
中国,ethnic group,壮族
中国,ethnic group,中国蒙古族
中国,ethnic group,回族
中国,ethnic group,藏族
中国,ethnic group,维吾尔族
中国,ethnic group,苗族
中国,ethnic group,彝族
中国,ethnic group,布依族
中国,ethnic group,中国朝鲜族
中国,ethnic group,满族
中国,ethnic group,瑶族
中国,ethnic group,白族
中国,ethnic group,土家族
中国,ethnic group,哈尼族
中国,ethnic group,中国哈萨克族
中国,ethnic group,黎族
中国,ethnic group,傈僳族
中国,ethnic group,侗族
中国,participant of,G4集团
中国,participant of,五国集团
中国,participant of,China-CELAC Forum
中国,contains administrative territorial entity,北京市
中国,contains administrative territorial entity,天津市
中国,contains administrative territorial entity,河北省
中国,contains administrative territorial entity,山西省
中国,contains administrative territorial entity,内蒙古自治区
中国,contains administrative territorial entity,辽宁省
中国,contains administrative territorial entity,吉林省
中国,contains administrative territorial entity,黑龙江省
中国,contains administrative territorial entity,上海市
中国,contains administrative territorial entity,江苏省
中国,contains administrative territorial entity,浙江省
中国,contains administrative territorial entity,安徽省
中国,contains administrative territorial entity,福建省
中国,contains administrative territorial entity,江西省
中国,contains administrative territorial entity,山东省
中国,contains administrative territorial entity,河南省
中国,contains administrative territorial entity,湖南省
中国,contains administrative territorial entity,广东省
中国,contains administrative territorial entity,广西壮族自治区
中国,contains administrative territorial entity,海南省
中国,contains administrative territorial entity,重庆市
中国,contains administrative territorial entity,四川省
中国,contains administrative territorial entity,贵州省
中国,contains administrative territorial entity,云南省
中国,contains administrative territorial entity,香港
中国,contains administrative territorial entity,西藏自治区
中国,contains administrative territorial entity,陕西省
中国,contains administrative territorial entity,甘肃省
中国,contains administrative territorial entity,青海省
中国,contains administrative territorial entity,宁夏回族自治区
中国,contains administrative territorial entity,新疆维吾尔自治区
中国,contains administrative territorial entity,澳门
中国,contains administrative territorial entity,台湾省
中国,contains administrative territorial entity,平原省
中国,located in time zone,北京时间
中国,located in time zone,东八区
中国,currency,人民币
中国,location of formation,天安门
中国,shares border with,蒙古国
中国,shares border with,哈萨克斯坦
中国,shares border with,吉尔吉斯斯坦
中国,shares border with,塔吉克斯坦
中国,shares border with,巴基斯坦
中国,shares border with,印度
中国,shares border with,尼泊尔
中国,shares border with,不丹
中国,shares border with,缅甸
中国,shares border with,老挝
中国,shares border with,越南
中国,shares border with,俄罗斯
中国,shares border with,朝鲜民主主义人民共和国
中国,shares border with,阿富汗
中国,shares border with,大韩民国
中国,shares border with,日本
中国,shares border with,苏联
中国,flag,中华人民共和国国旗
中国,coat of arms,中华人民共和国国徽
中国,driving side,右
中国,electrical plug type,NEMA 1-15
中国,electrical plug type,欧式插头
中国,electrical plug type,AS/NZS 3112
中国,has quality,“不自由”国家
中国,top-level Internet domain,.cn
中国,top-level Internet domain,.中国
中国,top-level Internet domain,.中国
中国,topic's main Wikimedia portal,Portal:中华人民共和国
中国,topic's main template,Template:China topics
中国,topic's main category,Category:中华人民共和国
中国,category of associated people,Category:中国人
中国,category for people born here,Category:Births in China
中国,category for people who died here,Category:中国非正常死亡人物
中国,category for films shot at this location,Category:中国取景电影
中国,emergency phone number,119
中国,emergency phone number,110 (紧急电话号码)
中国,emergency phone number,120
中国,geography of topic,中国地理
中国,history of topic,中华人民共和国历史
中国,described by source,Nordisk familjebok
中国,described by source,Jewish Encyclopedia of Brockhaus and Efron
中国,described by source,Small Brockhaus and Efron Encyclopedic Dictionary
中国,described by source,布罗克豪斯-艾佛隆百科词典
中国,described by source,亚美尼亚苏维埃百科全书
中国,described by source,Sytin Military Encyclopedia
中国,on focus list of Wikimedia project,Wikipedia:基础条目
中国,on focus list of Wikimedia project,WikiProject Zika Corpus
中国,Wikimedia outline,中华人民共和国概述
中国,railway traffic side,左
中国,category for maps,Category:中国地图
